NAME,ID,PW
Function-based incremental adapter,370,102
Optional asynchronous paradigm,81,355
Secured analyzing model,416,416
Compatible content-based knowledge user,48,425
Cross-platform demand-driven application,197,2
Reduced disintermediate database,220,563
Re-contextualized stable adapter,364,519
Mandatory dedicated complexity,119,329
Versatile exuding standardization,327,586
Triple-buffered tangible success,584,317
User-friendly system-worthy framework,418,551
Stand-alone 4th generation moratorium,524,257
Assimilated analyzing alliance,326,571
Pre-emptive homogeneous concept,545,557
Vision-oriented asynchronous artificial intelligence,541,569
Stand-alone logistical contingency,248,565
Open-architected dynamic infrastructure,134,512
Phased composite functionalities,223,464
User-centric disintermediate website,425,273
Extended zero defect synergy,409,34
Enhanced user-facing capability,41,205
Fundamental logistical functionalities,503,148
Ergonomic bifurcated hierarchy,507,317
Virtual 4th generation task-force,543,347
Secured empowering portal,408,594
Monitored eco-centric complexity,99,202
Grass-roots context-sensitive success,338,281
User-friendly multimedia functionalities,287,70
Extended regional architecture,223,272
Cross-group tertiary hierarchy,159,84
Optional coherent algorithm,217,542
Polarised web-enabled infrastructure,50,269
Synergistic interactive application,75,307
Proactive disintermediate matrices,546,99
Sharable grid-enabled conglomeration,223,109
Open-source 3rd generation initiative,255,521
Mandatory composite implementation,286,470
Mandatory 5th generation software,572,311
Visionary global utilisation,472,416
Public-key modular benchmark,462,273
Monitored transitional hardware,88,480
Persevering heuristic productivity,309,124
Reactive attitude-oriented project,126,598
Open-source grid-enabled help-desk,370,405
Fully-configurable uniform support,139,289
Decentralized local standardization,275,334
Persistent hybrid standardization,17,407
Down-sized dedicated moratorium,563,527
Function-based homogeneous artificial intelligence,160,329
Distributed background groupware,249,508
Up-sized global help-desk,460,494
Organized fresh-thinking hub,106,66
Decentralized global hierarchy,53,305
Horizontal interactive task-force,422,397
Sharable executive pricing structure,5,127
Synergistic static circuit,459,182
Multi-lateral heuristic encoding,591,445
Inverse interactive Graphical User Interface,416,30
Multi-channelled eco-centric attitude,10,360
Exclusive optimal core,252,90
Total leading edge knowledge base,73,306
Synergistic asymmetric portal,395,98
Reduced dynamic protocol,419,416
Managed solution-oriented paradigm,362,360
Organic regional attitude,576,493
Open-source systemic firmware,257,385
Implemented mobile customer loyalty,334,281
Front-line systematic circuit,377,317
Public-key global archive,180,440
Assimilated 24/7 leverage,224,483
Open-architected object-oriented open system,173,518
Business-focused demand-driven extranet,384,249
Face to face global infrastructure,247,445
Total bifurcated adapter,520,294
Inverse next generation capacity,209,509
Visionary logistical intranet,94,78
Function-based content-based matrix,534,553
Vision-oriented well-modulated capability,449,93
Business-focused modular conglomeration,265,29
Cross-platform actuating methodology,527,286
User-friendly client-driven database,482,313
Synergistic national internet solution,405,461
Streamlined bottom-line emulation,65,168
Persistent 5th generation solution,536,10
Digitized intermediate knowledge base,275,574
Diverse coherent parallelism,24,222
Robust zero tolerance architecture,91,499
Re-contextualized asymmetric synergy,384,460
Public-key directional collaboration,494,516
Profound systemic secured line,323,124
Phased actuating projection,546,543
Multi-tiered grid-enabled paradigm,344,456
Robust bandwidth-monitored conglomeration,591,544
Digitized optimal forecast,27,332
Phased client-driven interface,474,144
Expanded cohesive encryption,441,177
Cross-platform bi-directional middleware,567,539
Proactive next generation support,589,88
Polarised stable approach,62,469
Function-based object-oriented frame,405,561
User-centric even-keeled protocol,368,210
Robust asymmetric instruction set,405,248
Right-sized bi-directional projection,525,225
Multi-lateral static focus group,370,433
Horizontal zero defect service-desk,90,320
Persistent zero administration forecast,29,77
Universal actuating artificial intelligence,43,242
User-friendly attitude-oriented complexity,589,422
Vision-oriented impactful hardware,383,194
Decentralized optimal encryption,422,332
Proactive multimedia collaboration,207,455
Future-proofed 3rd generation system engine,85,470
Balanced real-time focus group,434,305
Progressive system-worthy internet solution,120,498
Synergistic 4th generation algorithm,166,293
Realigned value-added database,565,275
Quality-focused actuating structure,565,272
Programmable national superstructure,487,8
Reverse-engineered bifurcated solution,6,530
Versatile fresh-thinking circuit,276,298
Face to face 3rd generation project,512,341
Front-line attitude-oriented attitude,551,399
Streamlined non-volatile array,389,546
Compatible reciprocal open system,123,492
Reduced multi-state neural-net,379,501
Implemented secondary attitude,392,567
Switchable didactic capacity,594,576
Progressive composite support,91,492
Focused asynchronous time-frame,87,369
User-friendly client-driven collaboration,532,145
Polarised local access,144,173
Decentralized tangible throughput,578,125
Robust client-server installation,488,24
Progressive foreground neural-net,189,560
User-centric 4th generation utilisation,302,335
Self-enabling optimizing analyzer,356,382
Enterprise-wide multimedia orchestration,563,146
Devolved fresh-thinking capacity,363,265
Virtual real-time throughput,125,595
Object-based transitional solution,32,428
Multi-tiered clear-thinking implementation,182,206
Face to face coherent middleware,158,556
Balanced holistic alliance,360,565
Decentralized global policy,149,340
Customer-focused web-enabled artificial intelligence,305,29
Synergistic bi-directional knowledge base,305,257
Synergized fresh-thinking projection,413,568
Up-sized directional challenge,99,541
Horizontal foreground circuit,386,216
Secured real-time strategy,591,155
Horizontal tangible policy,442,372
Secured uniform parallelism,405,458
Networked asynchronous projection,288,132
Multi-lateral multimedia architecture,511,116
Ameliorated executive definition,441,284
Implemented 5th generation success,493,61
Vision-oriented secondary neural-net,161,580
Vision-oriented non-volatile throughput,460,121
Face to face stable middleware,111,523
Configurable discrete capacity,416,199
Fundamental bottom-line initiative,208,420
Managed cohesive installation,176,503
Adaptive client-server productivity,592,351
User-centric incremental hardware,372,442
Open-architected explicit database,492,201
Networked methodical Graphic Interface,522,52
Function-based systemic budgetary management,541,250
Focused systematic approach,177,387
Networked holistic pricing structure,96,147
Integrated national toolset,327,530
Integrated 24 hour knowledge user,121,394
Open-architected analyzing synergy,186,67
Organic asymmetric approach,400,224
Managed impactful strategy,511,31
Re-contextualized 4th generation capacity,555,589
Multi-channelled multi-state success,365,27
Cross-platform global paradigm,107,293
Switchable leading edge process improvement,389,221
Object-based empowering synergy,497,154
Configurable explicit groupware,165,344
Open-architected interactive approach,343,301
Realigned web-enabled hierarchy,520,445
Focused empowering system engine,446,370
Enhanced intermediate application,151,342
Organic transitional knowledge user,57,325
Up-sized 6th generation migration,346,398
Re-contextualized zero defect strategy,559,69
Monitored needs-based open architecture,84,103
Secured fault-tolerant hierarchy,458,391
Open-source methodical function,303,43
Assimilated solution-oriented implementation,71,199
Front-line 24 hour neural-net,179,307
Grass-roots contextually-based open architecture,425,420
Robust 3rd generation conglomeration,17,448
Automated directional extranet,437,60
Innovative cohesive focus group,270,234
Inverse didactic ability,276,540
Adaptive neutral parallelism,419,2
Total static help-desk,109,178
Innovative bifurcated strategy,421,270
Operative 4th generation product,284,70
Horizontal secondary archive,57,369
Horizontal static infrastructure,118,134
Multi-lateral intangible info-mediaries,256,558
Stand-alone dedicated Graphical User Interface,20,526
Business-focused context-sensitive conglomeration,518,309
Up-sized bandwidth-monitored firmware,519,218
Enhanced asynchronous middleware,346,255
Robust interactive capacity,360,8
Ergonomic fault-tolerant secured line,103,492
Future-proofed bi-directional monitoring,203,352
Reverse-engineered clear-thinking support,491,337
Self-enabling transitional instruction set,376,231
Customizable impactful budgetary management,73,497
Profit-focused systematic throughput,60,215
Secured disintermediate knowledge user,560,154
Persevering non-volatile software,561,44
Compatible grid-enabled website,589,112
Fully-configurable disintermediate application,549,598
Focused high-level toolset,173,451
Persistent regional Graphic Interface,473,235
Stand-alone user-facing capability,51,460
Focused dedicated strategy,380,560
Synergized national portal,187,563
Robust methodical open architecture,167,486
Multi-layered full-range artificial intelligence,323,524
Seamless value-added knowledge user,263,346
Optimized zero defect groupware,25,572
Fundamental stable policy,276,300
Phased maximized migration,223,307
Cross-platform maximized software,6,350
Synergistic client-driven interface,511,561
Reactive 5th generation benchmark,588,332
Secured content-based paradigm,119,528
Fundamental well-modulated methodology,375,439
Exclusive even-keeled archive,70,486
Right-sized hybrid synergy,1,125
Synergistic 5th generation implementation,133,256
Ergonomic 4th generation support,390,525
Multi-tiered zero defect focus group,11,162
Enterprise-wide executive open system,393,135
Function-based exuding capacity,598,94
Universal intangible task-force,345,464
Cloned multimedia policy,390,239
Open-architected 4th generation core,570,51
Quality-focused systematic analyzer,385,411
Inverse homogeneous adapter,54,179
Persistent coherent hub,218,308
Integrated zero administration intranet,140,538
Public-key contextually-based help-desk,143,388
Re-engineered 6th generation interface,306,488
Balanced 4th generation instruction set,574,247
Devolved web-enabled function,474,252
Re-engineered user-facing portal,262,152
Down-sized eco-centric neural-net,457,271
Upgradable human-resource functionalities,84,313
Synchronised maximized superstructure,414,538
Ergonomic multi-tasking collaboration,186,338
Centralized logistical framework,72,279
Configurable asynchronous standardization,116,596
Front-line 24 hour budgetary management,19,277
Persistent cohesive productivity,2,369
Exclusive leading edge capacity,362,149
Fundamental modular initiative,391,335
Extended optimal approach,245,499
Seamless real-time open system,5,32
Front-line hybrid matrices,92,9
Synchronised cohesive Graphic Interface,117,576
User-centric stable intranet,354,196
Vision-oriented zero defect process improvement,334,563
Streamlined homogeneous challenge,477,57
Persevering explicit implementation,427,550
Devolved asynchronous customer loyalty,160,115
Re-contextualized multi-tasking capability,506,81
Cloned clear-thinking interface,495,492
Upgradable static approach,378,506
Pre-emptive national collaboration,190,374
Robust transitional benchmark,168,527
Synergized mission-critical instruction set,536,426
Implemented 3rd generation hardware,324,34
User-friendly 24/7 complexity,195,478
User-friendly responsive portal,256,379
Organic value-added architecture,560,61
Phased homogeneous intranet,154,42
Fundamental tertiary application,47,353
Visionary mobile budgetary management,598,449
Persistent 3rd generation implementation,508,518
Centralized 6th generation encryption,214,449
Fundamental coherent functionalities,590,266
Persevering static process improvement,560,337
Cross-platform demand-driven flexibility,452,509
Multi-channelled fault-tolerant pricing structure,393,350
Reduced dedicated strategy,243,443
Down-sized didactic emulation,289,418
Re-contextualized dedicated infrastructure,112,374
Ergonomic demand-driven matrices,477,13
Extended grid-enabled help-desk,410,68
Adaptive heuristic alliance,463,201
Front-line value-added ability,474,288
Realigned system-worthy methodology,48,27
Enterprise-wide systematic conglomeration,431,264
Ergonomic well-modulated parallelism,597,65
Persevering secondary middleware,249,290
Organized tertiary product,165,154
Fundamental actuating hardware,173,140
Multi-channelled local knowledge base,77,92
Centralized tertiary encoding,239,588
Multi-layered explicit Graphical User Interface,495,214
Decentralized uniform matrices,361,29
Future-proofed bottom-line protocol,335,17
Integrated hybrid knowledge base,527,311
Enterprise-wide interactive approach,190,88
Optional high-level policy,422,576
Diverse modular interface,573,179
Expanded upward-trending groupware,113,229
User-friendly bottom-line data-warehouse,364,568
Vision-oriented analyzing paradigm,185,390
Team-oriented optimal customer loyalty,279,593
Integrated neutral secured line,458,105
Future-proofed context-sensitive capability,219,19
Exclusive methodical projection,407,294
Balanced analyzing open system,569,97
Adaptive tertiary model,112,535
Organic demand-driven definition,455,171
Phased next generation superstructure,221,412
Multi-channelled reciprocal data-warehouse,157,513
Self-enabling dynamic service-desk,234,521
Reactive contextually-based database,280,313
Innovative 24 hour instruction set,59,177
Expanded optimizing data-warehouse,140,270
Virtual context-sensitive focus group,471,461
Down-sized next generation ability,421,238
Automated actuating project,151,71
Focused zero defect task-force,177,279
Realigned optimizing archive,180,26
Innovative asymmetric Graphical User Interface,527,430
Centralized upward-trending middleware,371,539
Re-contextualized systemic moratorium,83,175
Up-sized system-worthy system engine,212,466
Front-line foreground collaboration,128,271
Multi-channelled full-range model,194,361
Optimized global archive,64,235
Persistent asynchronous archive,135,453
Pre-emptive disintermediate application,506,361
Cross-group neutral pricing structure,399,308
Mandatory systemic portal,102,363
Integrated tertiary website,291,285
Universal object-oriented interface,569,364
Optimized object-oriented encoding,560,368
Realigned holistic capability,134,383
Synchronised demand-driven system engine,303,265
Diverse analyzing superstructure,124,339
Face to face demand-driven website,191,550
Organized exuding neural-net,87,276
User-centric background collaboration,18,127
Diverse eco-centric projection,68,241
Synergized multi-tasking pricing structure,285,65
Compatible zero tolerance info-mediaries,117,108
Seamless eco-centric secured line,129,22
Multi-layered leading edge hub,155,568
Down-sized homogeneous encryption,547,590
Re-contextualized tangible function,173,443
Synergistic maximized toolset,367,84
Cloned stable ability,5,30
Versatile object-oriented internet solution,152,552
Assimilated grid-enabled Graphical User Interface,539,512
Reactive 3rd generation paradigm,63,512
Visionary radical internet solution,582,102
Universal mission-critical initiative,86,305
Automated needs-based functionalities,39,86
Universal client-driven framework,276,252
Versatile 5th generation projection,327,391
Polarised transitional initiative,111,11
Total responsive project,599,541
Seamless human-resource projection,304,310
Reverse-engineered 6th generation matrix,154,238
Function-based multimedia info-mediaries,264,189
Digitized 6th generation algorithm,310,81
Face to face neutral circuit,362,245
Decentralized contextually-based database,122,265
Ergonomic intangible matrix,253,89
Visionary needs-based support,177,58
Quality-focused uniform utilisation,192,259
Enhanced optimizing instruction set,59,102
Team-oriented 4th generation contingency,333,439
Total 3rd generation matrix,571,459
Organic global circuit,317,465
Reverse-engineered web-enabled challenge,537,254
Operative local artificial intelligence,442,547
Open-source content-based encoding,63,374
Multi-layered intangible portal,178,347
Cloned object-oriented forecast,122,172
Sharable demand-driven hardware,125,341
Universal foreground protocol,562,326
Profit-focused client-server collaboration,589,589
Re-contextualized transitional algorithm,520,4
Up-sized multi-tasking strategy,26,67
Multi-channelled 4th generation matrix,242,403
Cloned national intranet,582,573
De-engineered upward-trending ability,144,538
User-friendly hybrid intranet,91,283
Pre-emptive mission-critical circuit,587,249
Object-based 3rd generation matrices,556,383
De-engineered maximized ability,44,515
Triple-buffered next generation emulation,468,277
Vision-oriented human-resource hierarchy,536,484
Customizable eco-centric groupware,188,290
Robust 24/7 archive,268,365
Stand-alone systematic definition,520,386
Down-sized incremental projection,593,177
Mandatory content-based groupware,58,234
Persevering maximized complexity,341,146
Sharable local frame,564,338
Future-proofed uniform paradigm,429,143
Stand-alone multimedia service-desk,22,138
Advanced 4th generation frame,357,205
Implemented bi-directional framework,423,476
Intuitive didactic firmware,124,327
Centralized bottom-line workforce,58,39
Seamless even-keeled capability,308,538
Open-source secondary flexibility,283,503
Future-proofed secondary firmware,214,361
Front-line exuding groupware,257,244
Sharable value-added Graphical User Interface,262,52
Extended systematic leverage,255,126
Enterprise-wide well-modulated success,199,560
Synergistic methodical support,301,413
Profit-focused asynchronous flexibility,244,394
Robust full-range challenge,315,188
Phased didactic workforce,155,149
Cross-platform context-sensitive emulation,565,594
Team-oriented national algorithm,253,513
De-engineered interactive capacity,598,592
Optimized scalable firmware,574,584
Integrated bifurcated hub,527,550
Adaptive context-sensitive synergy,432,514
Diverse foreground knowledge user,39,446
Organized even-keeled utilisation,121,228
Universal systematic protocol,395,246
Implemented radical leverage,182,476
Fundamental local info-mediaries,388,16
Triple-buffered 4th generation process improvement,164,164
Secured content-based superstructure,293,277
Configurable grid-enabled moderator,150,276
Inverse static migration,302,44
Fully-configurable logistical array,393,205
Balanced heuristic firmware,144,590
Proactive bottom-line groupware,219,49
Profound content-based middleware,281,147
Devolved transitional initiative,269,48
Integrated zero tolerance capability,33,282
Extended encompassing matrix,47,280
Self-enabling empowering toolset,505,426
Synergized clear-thinking groupware,531,534
Customer-focused discrete initiative,130,1
Triple-buffered foreground process improvement,471,355
Distributed intangible support,198,24
User-friendly modular software,2,168
Reverse-engineered disintermediate internet solution,555,173
Progressive secondary concept,327,227
Ameliorated local implementation,175,199
Down-sized human-resource capacity,481,543
Pre-emptive non-volatile service-desk,551,292
Profound full-range focus group,201,461
Open-architected intermediate parallelism,516,277
Synergistic empowering time-frame,591,560
User-friendly contextually-based time-frame,79,306
Sharable neutral open architecture,476,228
Team-oriented fresh-thinking encryption,68,523
Future-proofed radical methodology,293,332
Triple-buffered optimizing methodology,393,593
Enterprise-wide scalable software,57,267
Digitized tangible attitude,442,537
Open-architected demand-driven concept,499,90
Right-sized full-range policy,157,145
Operative discrete moderator,303,85
Multi-tiered intangible framework,43,296
Fully-configurable holistic artificial intelligence,496,410
Multi-layered 5th generation Graphical User Interface,164,306
Cloned discrete utilisation,95,124
Multi-layered discrete service-desk,371,390
Horizontal didactic parallelism,511,155
Fundamental analyzing customer loyalty,549,178
Ergonomic optimal contingency,208,549
Adaptive discrete capability,43,438
Customer-focused object-oriented array,145,517
Configurable 24 hour extranet,352,104
Intuitive bifurcated complexity,20,397
De-engineered methodical open architecture,236,194
Customizable 24 hour ability,346,51
Enhanced secondary implementation,267,334
User-centric multi-state matrix,40,144
Cross-platform 24/7 database,54,470
Programmable bi-directional implementation,237,508
Digitized tangible budgetary management,138,479
Horizontal even-keeled application,7,142
Horizontal executive productivity,141,226
Triple-buffered leading edge frame,173,241
Mandatory zero defect workforce,460,173
Inverse exuding intranet,324,115
Digitized eco-centric data-warehouse,193,575
Reactive neutral process improvement,503,370
Reactive composite support,474,426
Pre-emptive 3rd generation utilisation,396,355
Cross-group impactful migration,512,566
Business-focused optimal throughput,76,12
Innovative systematic neural-net,466,27
Cross-platform reciprocal conglomeration,163,57
Ergonomic didactic orchestration,27,144
Automated reciprocal matrices,295,348
Synergistic homogeneous infrastructure,439,137
Secured regional toolset,435,578
Extended bifurcated algorithm,112,468
Team-oriented zero defect strategy,159,507
Organized coherent Graphic Interface,44,559
Networked background framework,124,133
Advanced heuristic database,93,401
Synergized multi-state function,586,458
Seamless modular forecast,140,569
Implemented modular framework,214,148
Exclusive exuding frame,398,425
Progressive discrete access,51,160
Secured heuristic portal,254,47
Managed client-server hub,401,460
Virtual global data-warehouse,353,71
Mandatory user-facing policy,381,402
Synergistic demand-driven hub,237,158
Organized methodical instruction set,406,11
Multi-tiered zero defect focus group,393,412
Face to face web-enabled framework,422,433
Profit-focused 24 hour complexity,171,200
Reduced grid-enabled flexibility,183,441
Total stable interface,367,7
Open-architected foreground parallelism,53,546
Assimilated needs-based moratorium,550,475
Adaptive explicit hardware,310,568
Face to face scalable array,159,165
Vision-oriented reciprocal data-warehouse,173,430
Intuitive maximized function,229,411
Upgradable homogeneous moratorium,65,338
Re-engineered intangible alliance,162,111
Future-proofed stable architecture,312,155
Managed didactic artificial intelligence,120,481
Persistent global forecast,185,434
Intuitive contextually-based paradigm,50,150
Profound demand-driven initiative,587,566
Mandatory multi-state help-desk,330,158
Quality-focused even-keeled intranet,69,208
Profound national intranet,244,202
Stand-alone maximized moderator,149,289
Devolved system-worthy challenge,565,41
Profit-focused grid-enabled collaboration,150,258
Quality-focused 6th generation help-desk,536,374
Reactive executive approach,173,250
Expanded responsive pricing structure,355,1
Organized neutral hub,522,105
Profit-focused homogeneous help-desk,149,278
Managed full-range toolset,408,588
Monitored 24 hour complexity,211,478
Cloned neutral circuit,266,507
Automated leading edge secured line,17,359
Multi-layered local hardware,312,579
Upgradable empowering synergy,577,217
Configurable didactic emulation,194,158
Multi-layered dedicated time-frame,561,510
Focused empowering service-desk,167,144
Inverse analyzing framework,487,48
Exclusive hybrid process improvement,563,63
Organic real-time paradigm,244,337
Cloned neutral pricing structure,468,176
Front-line systemic synergy,297,94
Organic static local area network,282,289
Function-based executive emulation,46,256
Seamless stable superstructure,87,448
Vision-oriented needs-based challenge,500,261
Open-architected logistical artificial intelligence,586,247
Fully-configurable actuating workforce,462,294
Reverse-engineered real-time contingency,22,591
Expanded intangible success,68,598
Monitored 6th generation product,358,126
Grass-roots bottom-line artificial intelligence,436,166
Face to face needs-based groupware,505,500
Phased secondary monitoring,501,531
Triple-buffered multi-tasking time-frame,279,535
Face to face tertiary portal,412,379
Profound logistical ability,459,159
Horizontal mobile groupware,74,92
Innovative modular flexibility,594,109
Multi-layered needs-based info-mediaries,275,278
Focused methodical forecast,247,288
Reduced disintermediate core,1,175
Balanced heuristic infrastructure,486,582
Up-sized client-driven migration,18,532
Multi-channelled even-keeled paradigm,432,398
Front-line mobile info-mediaries,418,276
Centralized secondary neural-net,238,481
Managed directional archive,353,332
Ergonomic regional projection,273,350
Multi-channelled intangible utilisation,440,94
Realigned scalable software,247,23
Triple-buffered needs-based core,479,321
Phased attitude-oriented Graphic Interface,154,498
Robust zero defect frame,172,587
Reverse-engineered 3rd generation middleware,572,500
Open-source national knowledge base,67,511
Triple-buffered intangible policy,455,227
Cross-group eco-centric support,451,402
Stand-alone discrete focus group,437,406
Distributed 24/7 array,201,331
Re-contextualized real-time knowledge user,11,116
Cross-platform interactive info-mediaries,35,255
Persistent zero tolerance secured line,286,493
Open-architected human-resource migration,346,565
De-engineered global internet solution,326,386
Balanced motivating structure,316,468
Seamless contextually-based process improvement,319,484
Grass-roots zero administration challenge,488,521
Cloned web-enabled groupware,134,591
Persevering asymmetric collaboration,377,308
Re-contextualized object-oriented complexity,222,67
Multi-lateral needs-based software,500,433
Public-key impactful orchestration,46,285
Operative client-server benchmark,275,498
Total motivating standardization,257,406
Open-architected contextually-based frame,468,364
Object-based fresh-thinking Graphic Interface,545,155
Profound background customer loyalty,415,416
Configurable exuding pricing structure,135,155
Business-focused scalable capability,289,454
Reduced didactic open system,489,18
Front-line tertiary algorithm,332,516
Mandatory didactic hardware,189,285
Front-line fault-tolerant workforce,490,466
Programmable modular artificial intelligence,343,117
Innovative solution-oriented frame,263,202
Multi-tiered 24 hour customer loyalty,182,99
Proactive responsive productivity,400,348
Seamless asynchronous structure,243,408
Up-sized 5th generation hub,243,72
Polarised coherent definition,418,107
Triple-buffered coherent open architecture,594,368
Operative logistical framework,494,582
Customer-focused global matrix,108,163
User-friendly context-sensitive pricing structure,207,138
Reverse-engineered non-volatile hierarchy,441,505
Multi-layered user-facing matrices,184,456
Future-proofed bifurcated projection,592,567
Compatible asynchronous hub,51,464
Self-enabling directional capability,161,454
Horizontal attitude-oriented core,174,307
Ameliorated systemic artificial intelligence,459,117
Centralized intangible challenge,238,224
Organic foreground software,556,218
Operative 5th generation monitoring,268,200
Polarised regional methodology,166,183
Compatible regional website,588,385
Realigned interactive middleware,270,184
Balanced coherent service-desk,152,565
Fully-configurable holistic installation,275,468
Enhanced asymmetric knowledge base,174,170
Versatile content-based help-desk,564,115
Polarised responsive forecast,211,86
Optimized impactful workforce,323,230
Profit-focused uniform data-warehouse,328,238
Reactive exuding matrices,234,107
Ameliorated national migration,457,278
Phased zero defect algorithm,348,83
Focused analyzing structure,362,509
Reverse-engineered heuristic database,405,472
Quality-focused uniform infrastructure,536,224
Universal needs-based workforce,564,575
Multi-channelled client-driven access,259,591
Innovative impactful Graphic Interface,201,397
Polarised regional alliance,139,427
Down-sized leading edge hub,221,453
Upgradable non-volatile implementation,163,539
Cross-platform mission-critical projection,400,30
Re-engineered scalable budgetary management,174,499
Team-oriented 6th generation concept,102,231
Universal empowering standardization,138,406
Horizontal tertiary array,549,428
Synergistic composite adapter,257,578
Balanced bandwidth-monitored moderator,375,76
Ergonomic 24/7 project,48,196
Multi-lateral mobile methodology,466,167
Pre-emptive web-enabled concept,14,130
Profit-focused human-resource moderator,241,80
Enterprise-wide client-server protocol,334,571
Synergized interactive algorithm,544,165
Cross-group multi-tasking help-desk,552,133
Extended explicit array,1,203
Cross-platform incremental strategy,233,384
Monitored needs-based access,77,148
Ameliorated high-level time-frame,284,81
Digitized tertiary matrices,456,122
Synergistic disintermediate open system,266,309
Multi-layered regional synergy,476,15
Profound bifurcated matrices,430,80
Distributed global core,266,131
Configurable reciprocal support,491,53
Assimilated 6th generation benchmark,354,289
Organized responsive database,147,362
Centralized motivating task-force,346,203
Reduced systemic pricing structure,159,549
Stand-alone hybrid neural-net,196,334
Visionary modular adapter,290,230
Virtual bi-directional alliance,159,355
Total uniform frame,167,447
Realigned well-modulated core,494,187
Centralized optimizing emulation,133,37
Mandatory motivating orchestration,362,321
Configurable encompassing product,478,380
Intuitive fresh-thinking migration,273,467
Multi-lateral explicit instruction set,43,213
Self-enabling interactive policy,58,135
Reduced encompassing encryption,15,249
Self-enabling web-enabled open system,42,16
Robust bandwidth-monitored open architecture,415,597
Universal neutral interface,493,311
Profit-focused radical pricing structure,286,23
Vision-oriented cohesive architecture,164,205
Front-line asynchronous portal,573,368
Grass-roots leading edge model,449,3
Pre-emptive radical hierarchy,128,519
Visionary transitional productivity,163,146
Programmable regional process improvement,204,308
Business-focused zero tolerance alliance,139,175
Horizontal eco-centric synergy,577,174
Open-architected optimal time-frame,439,261
Configurable interactive architecture,300,328
Centralized empowering encryption,333,104
Persistent optimizing middleware,279,356
Diverse demand-driven toolset,160,579
Reverse-engineered logistical extranet,165,197
Seamless asynchronous circuit,176,536
Team-oriented dynamic system engine,150,487
Fundamental real-time capacity,572,143
Persistent logistical standardization,314,517
Sharable human-resource matrix,281,585
Business-focused radical focus group,512,390
Assimilated composite customer loyalty,582,48
Upgradable well-modulated customer loyalty,23,1
Monitored demand-driven policy,23,356
Optional system-worthy workforce,493,157
Object-based transitional alliance,421,449
Realigned modular infrastructure,179,306
Optimized mobile process improvement,156,487
Reduced maximized structure,529,188
Pre-emptive non-volatile hardware,467,172
Total web-enabled functionalities,252,13
Centralized full-range architecture,340,37
Optimized value-added policy,348,101
Robust bifurcated analyzer,193,519
Phased holistic encryption,315,206
Managed encompassing installation,152,189
Organic optimal paradigm,137,354
Adaptive asymmetric knowledge base,102,313
Decentralized maximized collaboration,448,566
Expanded fault-tolerant emulation,475,329
Reduced high-level pricing structure,114,562
User-centric encompassing portal,428,207
Reactive solution-oriented concept,238,433
Automated even-keeled task-force,310,312
Focused grid-enabled neural-net,156,574
Cross-platform interactive moderator,536,254
Down-sized bi-directional architecture,445,454
Persevering contextually-based conglomeration,179,510
Mandatory actuating monitoring,441,492
Re-contextualized static moderator,400,401
Organic fault-tolerant pricing structure,60,23
Versatile foreground secured line,263,491
Front-line cohesive definition,444,262
Balanced high-level data-warehouse,426,188
Vision-oriented leading edge framework,47,206
Enhanced multimedia projection,327,522
User-centric fresh-thinking attitude,9,220
Right-sized disintermediate collaboration,74,294
Phased system-worthy adapter,226,228
Versatile zero tolerance algorithm,567,5
Networked multi-state process improvement,206,343
Mandatory interactive synergy,47,4
Universal modular alliance,487,383
Automated interactive project,487,462
Multi-layered systematic conglomeration,192,55
Object-based coherent knowledge user,223,250
Assimilated disintermediate matrices,52,248
Grass-roots actuating framework,549,222
Quality-focused context-sensitive benchmark,439,8
Open-architected interactive application,68,84
Synchronised bottom-line artificial intelligence,374,252
Up-sized needs-based database,466,6
Optimized next generation model,3,117
Reactive mobile artificial intelligence,391,385
Persevering solution-oriented local area network,293,142
Compatible clear-thinking attitude,338,331
Multi-tiered reciprocal monitoring,77,597
Cross-platform multi-state groupware,97,583
Total needs-based infrastructure,579,470
Multi-channelled systematic Graphic Interface,524,339
Decentralized needs-based encoding,427,346
Inverse static info-mediaries,307,294
Profit-focused responsive firmware,95,541
Quality-focused upward-trending knowledge user,257,389
Right-sized system-worthy Graphic Interface,432,486
Profit-focused upward-trending synergy,140,177
Reduced eco-centric conglomeration,53,131
Ergonomic fault-tolerant installation,47,234
Right-sized composite database,234,451
User-centric human-resource attitude,147,407
Down-sized local customer loyalty,359,521
Universal non-volatile policy,176,581
Enhanced discrete customer loyalty,236,190
Balanced cohesive projection,81,155
Stand-alone intangible core,144,43
Exclusive interactive functionalities,215,156
Synergized tertiary hardware,129,219
Cross-platform composite info-mediaries,523,413
Organized 3rd generation implementation,60,269
Managed 3rd generation product,279,532
Monitored dedicated system engine,27,44
Automated national open system,35,350
Ameliorated intermediate moratorium,366,106
Versatile optimizing budgetary management,358,457
Realigned reciprocal system engine,220,178
Down-sized explicit implementation,190,390
Networked empowering circuit,354,547
Automated intangible hardware,181,454
De-engineered disintermediate moratorium,358,50
User-friendly optimizing pricing structure,278,131
Total mobile initiative,403,122
User-friendly tertiary workforce,287,567
Networked intangible Graphical User Interface,179,565
Devolved executive portal,91,212
Team-oriented modular benchmark,82,550
Business-focused optimal orchestration,351,219
Business-focused optimal flexibility,33,184
Vision-oriented homogeneous projection,593,527
Focused tangible hierarchy,242,456
Stand-alone radical secured line,47,261
Pre-emptive web-enabled knowledge base,257,301
Universal systematic parallelism,175,151
Automated 5th generation approach,6,342
Synchronised didactic data-warehouse,586,584
Universal impactful Graphic Interface,488,310
Expanded explicit capability,398,163
Intuitive background alliance,305,592
Down-sized heuristic system engine,581,554
Operative 6th generation functionalities,396,596
Down-sized systematic portal,224,417
Decentralized national help-desk,363,508
Reverse-engineered fault-tolerant database,305,137
Synchronised discrete initiative,9,339
Monitored intangible challenge,342,300
Managed incremental migration,192,486
Centralized user-facing synergy,287,587
Diverse transitional encryption,116,6
Multi-layered full-range attitude,329,495
Organized well-modulated complexity,52,484
Vision-oriented analyzing parallelism,76,433
Extended systematic parallelism,124,545
Re-contextualized multi-tasking parallelism,150,144
Automated systematic core,167,67
Customizable didactic local area network,324,387
Visionary multi-state forecast,266,213
Polarised client-driven concept,349,98
Ergonomic responsive orchestration,217,496
Open-architected background circuit,445,321
Phased multi-tasking utilisation,82,20
Profit-focused radical secured line,596,242
Switchable scalable core,558,275
Automated asymmetric info-mediaries,201,362
Adaptive grid-enabled array,360,446
Universal 5th generation model,211,7
Profound mission-critical utilisation,161,248
Re-contextualized 5th generation methodology,325,307
Profit-focused contextually-based synergy,586,450
Business-focused zero administration time-frame,224,100
Progressive neutral solution,533,274
Triple-buffered interactive interface,171,184
Visionary client-driven standardization,579,339
Realigned directional approach,315,247
Multi-layered object-oriented success,257,379
Optimized didactic moderator,74,173
Networked explicit software,154,98
Sharable web-enabled analyzer,493,176
Vision-oriented cohesive project,181,382
Persistent multimedia array,51,327
Advanced tangible initiative,283,335
Open-source contextually-based contingency,187,297
Automated executive ability,583,535
Devolved client-driven focus group,341,573
Persistent multi-tasking installation,345,194
Integrated optimal instruction set,529,571
Object-based empowering utilisation,85,349
Reactive demand-driven hardware,351,564
Front-line responsive functionalities,34,375
Grass-roots even-keeled array,359,267
Digitized fault-tolerant software,100,202
Exclusive systematic open system,451,414
Total client-driven data-warehouse,72,570
Horizontal heuristic Graphical User Interface,580,309
Configurable dynamic definition,40,239
Enterprise-wide systematic challenge,574,306
Automated actuating collaboration,111,134
Balanced tertiary customer loyalty,505,360
Visionary exuding initiative,144,513
Reduced impactful implementation,302,334
Operative local conglomeration,81,313
Enhanced systemic support,515,275
Phased actuating implementation,33,88
Intuitive system-worthy matrices,135,12
Open-architected methodical software,223,360
Customer-focused executive internet solution,350,323
Expanded systematic secured line,152,499
Programmable homogeneous open system,260,288
Diverse full-range capacity,224,337
Synchronised contextually-based synergy,171,87
Adaptive next generation solution,106,279
Open-source client-driven function,56,330
Front-line background software,402,461
Pre-emptive tangible help-desk,576,301
Enterprise-wide bottom-line help-desk,518,41
Intuitive multi-state encryption,69,278
Multi-lateral tangible moderator,487,411
Horizontal non-volatile database,525,427
User-centric didactic middleware,197,407
Synergistic tangible functionalities,308,149
Versatile bottom-line data-warehouse,392,174
Reverse-engineered background frame,246,247
Multi-tiered multi-state interface,56,429
Multi-lateral local circuit,2,425
Open-architected leading edge internet solution,237,372
Automated neutral collaboration,27,111
Sharable holistic initiative,532,564
Pre-emptive bi-directional budgetary management,476,547
Robust background intranet,286,37
Pre-emptive optimal circuit,504,273
Phased national approach,120,507
Switchable grid-enabled pricing structure,343,232
Focused incremental throughput,9,163
Reduced secondary project,148,376
Innovative didactic adapter,439,484
Mandatory empowering database,517,414
Organized discrete internet solution,469,440
Mandatory systemic project,541,388
Front-line needs-based intranet,446,252
Mandatory optimal migration,205,522
Customer-focused multimedia archive,340,59
Ameliorated impactful solution,35,425
Innovative secondary installation,597,173
Ameliorated eco-centric contingency,420,205
Future-proofed context-sensitive superstructure,597,291
Optional client-driven conglomeration,554,435
Proactive zero tolerance superstructure,546,486
Grass-roots bi-directional frame,555,203
Down-sized incremental instruction set,91,5
Enhanced optimizing leverage,136,262
Organized intermediate website,520,40
Optional methodical info-mediaries,151,346
Enhanced secondary synergy,77,481
Streamlined value-added moratorium,427,299
Enterprise-wide global approach,505,176
Public-key 24 hour Graphic Interface,574,130
Future-proofed didactic standardization,324,20
Stand-alone modular approach,364,284
Programmable interactive algorithm,216,29
Diverse human-resource frame,183,315
Reduced bandwidth-monitored benchmark,540,338
Expanded demand-driven Graphic Interface,529,113
Sharable dynamic knowledge user,344,508
Streamlined grid-enabled system engine,426,588
Vision-oriented client-server analyzer,509,485
Business-focused bi-directional data-warehouse,115,509
Mandatory zero tolerance process improvement,531,552
Ameliorated demand-driven project,470,53
Customizable tangible process improvement,599,322
Organized object-oriented attitude,555,422
Multi-layered secondary circuit,420,130
User-friendly multi-tasking framework,466,466
Adaptive content-based moratorium,143,28
Stand-alone web-enabled middleware,343,279
Quality-focused didactic conglomeration,359,143
Cross-group composite emulation,411,211
Optimized intermediate website,457,54
Extended mission-critical knowledge base,593,103
Mandatory asymmetric archive,178,231
Open-source full-range workforce,194,369
Seamless empowering access,251,550
Mandatory demand-driven info-mediaries,364,17
Extended solution-oriented analyzer,222,169
Multi-lateral systematic hierarchy,551,417
Face to face non-volatile paradigm,99,315
Object-based content-based local area network,511,580
Intuitive 5th generation alliance,309,1
Versatile non-volatile pricing structure,68,116
Realigned well-modulated capacity,386,165
Reduced mobile local area network,230,82
Business-focused composite task-force,377,472
Organic mission-critical extranet,425,129
Grass-roots zero defect synergy,404,579
